variable,count,mean,std,min,25%,50%,75%,max,original
dummy1,1000.0,-0.0002570525397372969,0.011211677314711099,-0.0365677200168827,-0.007856201054843625,-0.0003938900370656,0.007366654583755675,0.0334444343535174,0.020028526983477
dummy2,1000.0,-0.00022442772261070963,0.009902822038829712,-0.0341977713882189,-0.006403951589004725,-0.00043288176922335003,0.006590196431691875,0.0301417917687735,0.0170719450111153
x1,1000.0,0.06648055666462105,3.0479620583104627,-10.53425632909456,-2.0297011064445716,0.0780451447698207,2.086635313936948,28.203206683866924,28.203206683866924
x2,1000.0,-0.14914203627602557,7.91972544316929,-22.11918230064061,-5.420735028020918,-0.21910241328297614,5.28255227143976,75.05069888804402,75.05069888804402
x3,1000.0,-0.09747537417531602,1.9545974529091417,-6.143068435096026,-1.4342587203266846,-0.10467071344877366,1.0997825805163621,17.754478238767447,17.754478238767447
